客户经理/证券经纪人（张经理）,招商证券股份有限公司深圳科技园高新南一道证券营业部,3-4.5千/月
证券经纪人营销顾问,申万宏源证券有限公司深圳彩田路证券营业部,0.3-1.5万/月
证券初级经纪人,招商证券股份有限公司深圳东门南路证券营业部,6-8千/月
平安综合金融--银行、保险、基金、证券、信托,中国平安人寿保险股份有限公司深圳分公司,1.5-2万/月
证券事务专员,深圳友宝科斯科技有限公司,6-8千/月
急聘综合金融营销员：保险、 银行、证券,中国平安人寿保险股份有限公司深圳分公司,1-1.5万/月
证券/证券经纪人（高比例提成）,海通证券股份有限公司深圳深南大道证券营业部,1-1.5万/月
招商证券客户经理（壹海城）廖经理,招商证券股份有限公司深圳壹海城证券营业部,10-15万/年
证券经纪人,华宝证券有限责任公司,0.3-1.1万/月
银行驻点证券经纪人/客户经理/实习生(郭经理),招商证券股份有限公司深圳科技园高新南一道证券营业部,4.5-6千/月
证券公司机构业务经理,西藏东方财富证券股份有限公司,0.8-1万/月
光大证券深圳分公司校园招聘,光大证券股份有限公司深圳分公司,6-8千/月
证券分析师,深圳恒信通股权投资基金管理有限公司,3-5万/月
私募证券基金公司机构合作负责人（场内期权方向）,深圳智钰投资管理有限公司,20-40万/年
手机证券开发岗(Java),安信证券股份有限公司,1.5-4万/月
证券经纪人,申万宏源证券有限公司深圳彩田路证券营业部,0.3-1.2万/月
广发证券深圳分公司综合后勤岗,广发证券股份有限公司深圳分公司,7-8千/月
证券事务代表,深圳可立克科技股份有限公司,6-8千/月
法务专员兼证券,深圳市柏星龙创意包装股份有限公司,1-1.5万/月
证券投资顾问助理,招商证券股份有限公司深圳布龙路证券营业部,6-8千/月
招商证券金融实习生（金鹰团队）,招商证券股份有限公司深圳笋岗路证券营业部,4.5-6千/月
大客户经理(银行/基金/证券),深圳市今日投资数据科技有限公司,20-40万/年
证券基金经理,重庆逸合实业（集团）有限公司,1-2万/月
证券经纪人,第一创业证券股份有限公司,2-4千/月
平安综合金融--银行、保险、基金、证券、信托...,中国平安人寿保险股份有限公司深圳分公司,1-1.5万/月
急聘平安综合金融--银行、保险、基金、证券、信托,中国平安人寿保险股份有限公司深圳分公司,1.5-2千/月
证券事务代表,深圳市科源建设集团有限公司,1.2-2万/月
证券经纪人,国泰君安证券深圳红荔西路营业部,0.6-3万/月
证券事务代表,深圳市中电数通智慧安全科技股份有限公司,0.7-1.5万/月
证券经纪人,联讯证券股份有限公司,0.2-1万/月
证券经纪人,深圳市顺通芯微电子有限公司,0.8-1.6万/月
外拓证券经纪人,招商证券股份有限公司深圳宝源路证券营业部,4-8千/月
证券客服：5000-7000/行政班+住宿,深圳市清亮网络科技有限公司,5.2-6.7千/月
证券事务经理,山竹商业运营（深圳）有限公司,1.2-2万/月
渗透测试工程师(安信证券),深圳市易聆科信息技术股份有限公司,1.5-2万/月
银行驻点客户经理 / 储备区域经理 / 证券经纪人,招商证券股份有限公司深圳深南东路证券营业部,4-8千/月
证券事务主管,中控智慧科技股份有限公司,1.2-2万/月
诚聘 贷款 信托 证券销售代表（福田）,中国平安人寿保险股份有限公司深圳分公司,1-1.5万/月
销售专员（贷款、银行、信用卡、证券、车险等）,中国平安人寿保险股份有限公司深圳分公司,0.8-1万/月
证券经纪人3K--------10k,招商证券股份有限公司深圳五和大道证券营业部,0.3-1万/月
证券经纪人（高端客户方向）,国泰君安证券股份有限公司深圳香蜜湖路证券营业部,0.8-1.2万/月
证券/期货/外汇经纪人,恒泰证券股份有限公司,1-1.5万/月
证券经纪人,国开证券股份有限公司深圳福中三路证券营业部,6-8千/月
证券事务专员,广东东方精工科技股份有限公司,0.8-1.5万/月
中国平安综合金融―证券、银行、保险,中国平安人寿保险股份有限公司深圳分公司,1-1.5万/月
全金融产品营销员：保险、 银行、证券,中国平安人寿保险股份有限公司深圳分公司,1.2-1.5万/月
证券经纪人,华创证券有限责任公司深圳如意路证券营业部,0.3-1万/月
证券事务代表,深圳市科信通信技术股份有限公司,1-2万/月
销售经理（证券咨询顾问）,北京荣大商务有限公司深圳分公司,1-2万/月
平安综合金融--银行、保险、基金、证券、信托,中国平安人寿保险股份有限公司深圳分公司,1.5-2万/月
证券事务专员,深圳市今天国际物流技术股份有限公司,0.7-1万/月
证券分析师,北京鑫根投资管理有限公司,0.8-1万/月
信贷、贷款、理财投资、证券客户经理,中国平安人寿保险股份有限公司深圳分公司,0.8-1万/月
证券经纪人/银行驻点客户经理/实习生（陈）,招商证券股份有限公司深圳宝兴路证券营业部,4-8千/月
证券经纪人,国泰君安证券深圳人民南路营业部,1.5-2千/月
证券报道记者,深圳市南方汇金投资管理有限公司,0.8-1.5万/月
证券事务助理（英语）,格林美股份有限公司,0.8-1.5万/月
境内外证券业务实习生,国浩律师（深圳）事务所,2-4千/月
证券经纪人,深圳市凯捷达电子有限公司,1-1.5万/月
证券事务代表(创业板上市）,广东雄塑科技集团股份有限公司,1.5-2万/月
证券事务代表,周六福珠宝股份有限公司,0.6-1万/月
江海证券深圳分公司市场经理,江海证券有限公司深圳分公司,20-30万/年
证券公司（券商）商务顾问,深圳市德佳德立互联网金融服务有限公司,1.6-2万/月
证券媒体分析师（专业机构+年收入20万起）,深圳君银证券投资咨询顾问有限公司,20-30万/年
大数据开发工程师（证券、基金方向）,上海罗盘信息科技有限公司,1-2万/月
风控合规高级经理/经理（证券投资方向）,云南滇商股权投资基金管理有限公司,2-2.5万/月
证券经纪人,招商证券股份有限公司深圳福华三路证券营业部,3-4.5千/月
证券综合性人才#证券客户经理#证券经纪人,招商证券股份有限公司深圳福民路证券营业部,6-8千/月
证券经纪人,英大证券有限责任公司深圳龙华梅龙路证券营业部,3-4万/月
证券公司客服文员（行政班双休）,深圳市才智中南人力资源有限公司,4.5-6千/月
诚聘贷款 信托 证券销售代表（福田）,中国平安人寿保险股份有限公司深圳分公司,6-8千/月
股票交易员 A股操盘手 证券 高提成,深圳市兴业鸿基基金有限公司,1-1.5万/月
证券经纪人,方正证券股份有限公司深圳福永大道证券营业部,6-8千/月
应届毕业生-证券事务方向,深圳市美好创亿医疗科技有限公司,4.5-6千/月
国企证券中心投资咨询专员,深圳市才智中南人力资源有限公司,6-8千/月
证券经纪人,方正证券股份有限公司深圳布沙路证券营业部,0.6-1万/月
深圳益田路证券营业部柜台业务岗,天风证券股份有限公司,
证券经纪人,恒泰证券股份有限公司,0.5-2万/月
商务文员-证券公司驻点商务,深圳市神州动力数码有限公司,4.5-6千/月
投资（证券）经理,深圳市明N发展有限公司,1.5-2万/月
证券经纪人,兴业证券股份有限公司深圳分公司,0.3-1.5万/月
证券事务专员,深圳市凯中精密技术股份有限公司,1-1.5万/月
证券经纪人sn,华福证券有限责任公司,3.5-7千/月
证券事务助理,深圳科创新源新材料股份有限公司,0.7-1.1万/月
平安综合金融--银行、保险、基金、证券、信托,中国平安人寿保险股份有限公司深圳分公司,1-1.5万/月
证券客户经理,申万宏源证券有限公司深圳深南大道证券营业部,8-15万/年
证券金融实习生,招商证券股份有限公司深圳中心路证券营业部,3-4.5千/月
证券实习生,方正证券股份有限公司深圳怡景路证券营业部,2-3千/月
证券客户经理,深圳市九号科技有限公司,2.5-3万/月
基金/证券合规岗,深圳前海邦诚基金管理有限公司,1.5-3万/月
股票操盘手/证券交易员,深圳汇q投资基金管理有限公司,1-1.5万/月
证券与公共关系(信息披露),深圳市共进电子股份有限公司,1-1.5万/月
投融资与证券经理 KID,金蝶软件（中国）有限公司,1.4-2.8万/月
自由证券经纪人,东莞证券股份有限公司深圳后海中心路证券营业部,1.5-2千/月
证券事务代表,富士康科技集团财会与投资总管理处,5-13万/年
证券分析师,深圳市珞珈投资咨询有限公司,0.8-4万/月
证券事务主管,深圳市瑞凌实业股份有限公司,0.8-1.2万/月
高薪证券渠道专员+双休,深圳市万福达信息咨询有限公司,6-8千/月
证券事务专员,深圳市同益实业股份有限公司,0.6-1万/月
初级证券事务代表,三态电子商务股份有限公司,6-8千/月
node后端开发工程师(广发证券),深圳市德科信息技术有限公司,1-1.5万/月
证券分析师,艾德商务信息咨询（深圳）有限公司,6-8千/月
证券事务专员,深圳市泰永科技股份有限公司,0.8-1万/月
深圳红岭南路证券营业部-账户管理岗,海通证券深圳分公司,
证券事务助理/证券事务专员/法务专员,宝德计算机,6-8千/月
董事长助理（金融/证券/融资）,中大电子商务（深圳）有限公司,1.5-2.5万/月
证券分析师/研究员,深圳前海旭鑫资产管理有限公司,0.6-1万/月
证券法务代表,深圳市广宁股份有限公司,1.5-2.5万/月
国企证券公司行政前台,杭州锐致商务咨询有限公司,5-7千/月
证券营业部负责人,西藏东方财富证券股份有限公司,0.8-2万/月
诚聘证券客户经理/证券经纪人,招商证券股份有限公司深圳前海自贸区梦海大道证券营业部,0.3-1.5万/月
证券经纪人,招商证券股份有限公司深圳前海路证券营业部,0.4-2万/月
生物医药行业证券分析师,深圳市裕晋投资有限公司,1-1.5万/月
证券经纪人,招商证券股份有限公司深圳龙岗龙岗大道证券营业部,0.2-1.2万/月
大客户经理（证券方向）,上海天旦网络科技发展有限公司,1.5-2.5万/月
中山证券客户服务岗,深圳市领航劳务派遣有限公司,4.5-6千/月
证券接听客服/月薪4500-6700/周末双休,深圳市昆盛企业管理咨询有限公司,4.5-6千/月
证券经纪人,招商证券股份有限公司深圳红荔西路证券营业部,4.5-6千/月
营业部证券经纪人（深圳）,中山证券有限责任公司,0.6-1万/月
证券专员,华讯方舟科技有限公司,1-1.5万/月
深圳福中路证券营业部-信息技术岗(J11200),渤海证券股份有限公司,6-8千/月
软件测试工程师(证券),信必优(深圳)信息技术有限公司,1-1.5万/月
证券金融讲师,深圳融易学教育科技有限公司,1500元/天
证券-数据库开发工程师（偏仓储）,深圳市金证科技股份有限公司,1.5-2.5万/月
证券事务代表,第一环保（深圳）股份有限公司,1-1.5万/月
证券部-项目负责人,深圳市摩天之星企业管理股份有限公司,1-5万/月
18436-资产证券化云平台金融风控专家,深圳市腾讯计算机系统有限公司,
基金 证券 银行 保险 销售,香港康宏金融集团（康宏爱飞）,0.8-1万/月
证券业务PHP开发工程师,富途网络科技（深圳）有限公司,1.4-2.8万/月
证券事务代表,深圳投哪金融服务有限公司,0.8-2万/月
证券/期货/外汇经纪人（农产品现货）,深圳市恒诚远信商务咨询有限公司,0.8-1.5万/月
资产证券化业务高级经理/总监,深圳市小草云链科技有限公司,1-2万/月
证券业务运营助理,深圳价值网络科技有限公司,0.6-1万/月
高薪招聘证券电销,深圳星帆信息技术有限公司,0.8-1万/月
证券管理部实习生(J10298),深圳翰宇药业股份有限公司,2-3千/月
证券经理,正中投资集团有限公司,2-3万/月
证券经纪人/客户经理/考前培训生,招商证券股份有限公司深圳蛇口工业七路证券营业部,3-4.5千/月
高薪急聘 综合金融优才计划（保险、银行、证券）,中国平安人寿保险股份有限公司深圳分公司,10-15万/年
信用卡 贷款 理财 证券 销售 /业务推广,中国平安人寿保险股份有限公司深圳分公司,1-1.5万/月
平安综合金融客户经理 证券 银行 保险销售经理(龙岗),中国平安人寿保险股份有限公司深圳分公司,1-1.5万/月
证券综合业务经纪人,国泰君安证券股份有限公司深圳深南大道京基一百证券营业部,6-8千/月
证券代表(J10407),深圳奥雅设计股份有限公司,1-1.5万/月
证券分析师,大连国金鼎盛商品经营有限公司深圳分公司,0.8-1万/月
证券投资研究员,深圳市启富证券投资顾问有限公司,6-8千/月
证券股票咨询顾问,上海新兰德证券投资咨询顾问有限公司深圳分公司,0.8-1万/月
交易助理（山西证券）,深圳市鑫锦程人力资源管理有限公司,4.5-6千/月
证券经纪人,国泰君安证券深圳松岗营业部,0.2-1万/月
证券代表,深圳市芭田生态工程股份有限公司,1-2万/月
证券分公司财务经理,财通证券股份有限公司,0.5-1.5万/月
证券分析师,深圳市波特城投资管理有限公司,0.8-1.5万/月
证券专员/法务专员,深圳市维都利电子有限公司,4.5-6千/月
证券代表,深圳奥景源科技有限公司,1-2万/月
证券经纪人,中航证券有限公司深圳春风路证券营业部,0.5-1万/月
证券事务助理,深圳市达特照明股份有限公司,4.5-6千/月
证券经纪人,国泰君安证券深圳龙岗大道营业部,0.2-1万/月
证券经纪人,深圳新金川资本管理有限公司,1-1.5万/月
证券研究员,深圳市尊道投资有限公司,6-8千/月
证券经纪人,中国银河证券股份有限公司深圳罗湖证券营业部,3-4.5千/月
证券事务代表,深圳市大满包装有限公司,1-1.5万/月
证券事务专员,深圳万润科技股份有限公司,0.6-1.2万/月
证券事务代表,深圳市高德信通信股份有限公司,0.7-1.5万/月
平安综合金融客户经理 证券 银行 保险销售经理1,中国平安人寿保险股份有限公司深圳分公司,2.5-3万/月
法务经理（证券方向）,飞尚实业集团有限公司,18-30万/年
证券事务代表,深圳一方美度供应链管理股份有限公司,0.8-1万/月
证券事务代表,深圳市龙澄高科技环保(集团)有限公司,1-1.5万/月
月薪10K招证券女主播,深圳市创略投资信息咨询有限公司,0.8-1万/月
证券事务兼审计专员,深圳信测标准技术服务股份有限公司,6-8千/月
国信证券高薪招聘正编客服,广东鸿联九五信息产业有限公司,6-8千/月
诚聘证券经纪人 客户经理,安信证券股份有限公司深圳石厦北二街证券营业部,3-4.5千/月
证券分析师,深圳市前海迈信互联网金融服务有限公司,0.5-2万/月
证券客户经理,深圳市道赢资产管理有限公司,2-2.5万/月
051184-证券财富顾问,平安证券股份有限公司,1-1.5万/月
证券经纪人,招商证券股份有限公司深圳建安路证券营业部,4.5-6千/月
证券事务助理,深圳世联行地产顾问股份有限公司,8-10万/年
证券信息编辑,上海大智慧股份有限公司,4.8-5.5千/月
证券投资研究员,深圳麦高控股股份有限公司,1-1.5万/月
证券事务代表,八马茶业股份有限公司,1.5-2万/月
基金证券销售经理,一u咨询服务深圳有限公司,1-1.5万/月
BK1166-资产证券化岗,平安银行信用卡中心,15-20万/年
证券经纪人,安信证券股份有限公司深圳嘉宾路证券营业部,1-2万/月
证券分析师助理,深圳市巨世科技股份有限公司,0.8-1万/月
证券经纪人/客户经理,招商证券股份有限公司深圳益田路免税商务大厦证券营业部,6-8千/月
银河证券深圳中科大厦营业部客户经理,中国银河证券股份有限公司深圳分公司,0.8-1万/月
证券交易员,深圳市鼎链城网络科技有限公司,5-8千/月
招商证券客户经理/实习生（提供住宿补贴）,招商证券股份有限公司深圳布吉罗岗路证券营业部,3-4.5千/月
证券事务专员,贤丰控股股份有限公司,0.8-1万/月
平安证券-接听客服岗,广东润杨通信服务有限公司,4-4.5千/月
证券投资顾问（无责任底薪4K-7K+双休+公司资源）,民众证券投资咨询有限公司,0.8-1万/月
风控经理/私募证券基金,前海企加速孵化器（深圳）有限公司,1-1.5万/月
证券经纪人,深圳智皓信息咨询有限公司,6-8千/月
证券经纪人/客户经理/储备干部,招商证券股份有限公司深圳朗山路证券营业部,6-8千/月
证券经纪人,国泰君安证券股份有限公司深圳龙华壹成中心证券营业部,20-40万/年
市场一部-证券客户经理,申万宏源证券有限公司深圳福华一路证券营业部,6-8千/月
证券分析师,深圳埃迪蒙托居室用品有限公司,0.8-2万/月
证券营销人员,深圳市贝莱德投资顾问有限公司,4.5-6千/月
证券交易员,深圳开拍网科技有限公司,6-9千/月
资产证券化经理,深圳市柏霖控股有限公司,18-30万/年
证券事务代表&人事经理,深圳市智莱科技股份有限公司,1-1.5万/月
证券分析师（主管）,深圳泰智基金管理有限公司,50-60万/年
java开发工程师（证券方向）,深圳市博奥特科技有限公司,1.3-2万/月
证券投资顾问,北京中方信富投资管理咨询有限公司深圳分公司,6-8千/月
资产证券化业务团队负责人-XMGJ,深圳瀚德金融科技控股有限公司,3-6万/月
证券事务专员,深圳市新国都股份有限公司,0.5-1万/月
产品经理（证券方向）,深圳前海瑞华控股有限公司,1-1.5万/月
证券实习生,方正证券股份有限公司深圳福中路证券营业部,50元/天
证券经纪人,国泰君安证券股份有限公司深圳科苑南路证券营业部,0.2-1万/月
证券分析师,北京中方信富投资管理咨询有限公司深圳分公司,1-1.5万/月
兴业证券深圳分公司―行政前台（福利全）,上海合杰人才服务有限公司,6-8千/月
证券分析师,黑龙江省容维证券数据程序化有限公司深圳分公司,1-3万/月
股票/证券经纪人-大连华讯,大连华讯投资股份有限公司深圳分公司,0.5-1.4万/月
事业部合伙人，证券投资基金经理,深圳市明曜投资管理有限公司,1-3万/月
证券经纪人,天风证券股份有限公司深圳深南大道华润城证券营业部,4.5-6千/月
证券经纪人,天风证券股份有限公司深圳深南中路证券营业部,0.4-2万/月
理财顾问（证券）,英大证券有限责任公司深圳新城广场证券营业部,0.8-1万/月
高级证券事务岗,深圳市康达尔（集团）股份有限公司,2-3万/月
证券分析师/讲师,深圳市万嘉瑞鑫科技有限公司,2.5-3万/月
资本证券部负责人（证券事务代表）,南方电网综合能源有限公司,50-70万/年
综合金融 证券 银行 保险客户经理,深圳市翱铭国际教育咨询有限公司,1.5-2万/月
产品经理（移动证券方向）,深圳市盈通数据服务股份有限公司,0.9-1.8万/月
销售经理（私募证券投资基金）,深圳蓝海创业投资基金管理有限公司,1.2-2万/月
证券事务代表,深圳光峰科技股份有限公司,2-3万/月
证券经纪人,深圳三鼎立华咨询有限公司,1-1.5万/月
深圳海德三道证券营业部财富顾问,东方证券股份有限公司,6-8千/月
证券分公司财务总监,财通证券股份有限公司深圳分公司,1.5-2万/月
Java开发工程师-金融证券项目,深圳市同和信息技术有限公司,1.5-2万/月
证券实习生,国泰君安华强北路营业部,1-5千/月
证券专员,深圳联合金服财富管理有限公司,0.5-1万/月
证券客户经理,招商证券股份有限公司深圳海德一道证券营业部,3-4.5千/月
证券投资研究员,深圳前海前锋资产管理有限公司,4.5-6千/月
证券投资顾问,中银国际证券股份有限公司深圳中心四路证券营业部,6-8千/月
证券经纪人（***）,华林证券深圳彩田路证券营业部,3-4.5千/月
证券经纪人,华林证券深圳泰然路证券营业部,0.8-1万/月
证券经纪人（***）,华林证券深圳桃园路证券营业部,2-3千/月
证券经纪人,华林证券深圳龙华证券营业部,0.5-2万/月
证券经纪人（***）,华林证券深圳龙翔大道证券营业部,6-8千/月
中信书店店员（深圳证券店）,北京中信书店有限责任公司,3-4千/月
资产证券化经理,深圳市诚亿商业保理有限公司,1-1.5万/月
证券分析师,深圳米盟网络科技有限公司,0.6-1.2万/月
证券销售事业部总经理,深圳市银拓科技有限公司,10-20万/年
证券渠道经理,今盛工程管理咨询（深圳）有限公司,0.8-1万/月
证券交易总监,深圳市红荔街科技有限公司,1-1.5万/月
证券事务代表（董秘助理）,深圳市傲基电子商务股份有限公司,1.5-3万/月
人事管理岗,世纪证券有限责任公司,0.8-1万/月
培训专员,中天国富证券有限公司,1-1.5万/月
副总经理,江海证券有限公司深圳解放路证券营业部,1.5-2万/月
信息技术岗,东北证券股份有限公司,
客户经理,华福证券有限责任公司深圳后海大道证券营业部,3-6千/月
综合柜员,中航证券有限公司深圳前海证券营业部,5-6千/月
经纪事业部-人力资源岗,国信证券股份有限公司,1.5-2万/月
法律合规部合规管理岗,长城证券股份有限公司,1.5-2万/月
财富顾问,恒泰证券股份有限公司深圳梅林路证券营业部,0.8-4万/月
营业部账户管理岗（柜员）,中信建投证券股份有限公司深圳深南中路证券营业部,0.8-1万/月
机构与创新业务拓展岗,东莞证券股份有限公司,0.8-1万/月
托管业务销售经理,广发证券股份有限公司,1.5-2万/月
社交媒体运营岗,国盛证券有限责任公司,1.5-2万/月
招聘与人事管理岗,英大证券有限责任公司,1.5-2万/月
金融实习生,华金证券股份有限公司,2-3千/月
客户经理,德邦证券股份有限公司深圳金田路证券营业部,0.5-1万/月
账户业务员,国泰君安证券深圳福民路营业部,4-8千/月
投资顾问助理,中泰证券股份有限公司贵州分公司,6-9千/月
渠道拓展,国信证券(香港),0.6-1.5万/月
渠道助理,国信证券深圳深南中路证券营业部,6-8千/月
客户经理,国泰君安证券深圳滨海大道创投大厦营业部,3-8千/月
急招活动策划（企宣类+周末双休）,民众证券投资咨询有限公司,5-7千/月
网络管理工程师,光大证券股份有限公司,1.5-2万/月
资管-合规法律岗,国盛证券资产管理有限公司,1.5-2万/月
投资顾问,兴业证券华南分公司,
理财服务顾问,华西证券股份有限公司深圳民田路证券营业部,0.6-1.5万/月
金融顾问,英大证券有限责任公司深圳华侨城证券营业部,0.8-1万/月
行政综合岗,五矿证券有限公司深圳金田路证券营业部,5-8千/月
信息技术专员,国泰君安证券股份有限公司深圳分公司,10-15万/年
投资经理,中国中投证券有限责任公司,0.8-1.2万/月
公共关系管理岗,国海证券股份有限公司,1.5-2万/月
理财经理,上海证券有限责任公司深圳分公司,0.7-1万/月
基金托管部-市场营销岗,海通证券全国总部,
海通新能源股权投资管理有限公司-高级投资经理,海通新能源股权投资管理有限公司,
秘书,深圳证券信息有限公司,15-25万/年
交易员,银泰证券有限责任公司,10-15万/年
综合管理岗,深圳证券通信有限公司,1.5-2万/月
合规专员,广东博众证券投资咨询有限公司深圳分公司,5-6千/月
直属一部-合规专员,兴业证券股份有限公司深圳侨香路证券营业部,6-8千/月
金融市场部业务专员,国泰君安证券股份有限公司深圳金田路证券营业部,0.6-2万/月
财富管理师,华鑫证券有限责任公司,6-8千/月
资管业务合规岗,五矿证券有限公司,1-1.5万/月
客户经理,安信证券股份有限公司深圳分公司,5-9千/月
经执委-总部区域经理岗（广东）,国金证券股份有限公司,0.8-1万/月
机构业务岗,英大证券有限责任公司横岗证券营业部,4-8千/月
OA研发运维岗,东亚前海证券有限责任公司,1-1.5万/月
理财顾问（正式编制）,兴业证券股份有限公司深圳科苑路证券营业部,1-1.5万/月
团队长,中信建投证券股份有限公司深圳登良路阿里中心证券营业部,0.8-1万/月
固定收益事业部-交易结算岗,联储证券有限责任公司,0.8-1.5万/月
财富顾问,招商证券股份有限公司深圳深南中路证券营业部,1.5-2万/月
投资交易岗（量化研究）,招商证券股份有限公司,50-100万/年
固定收益部-交易支持岗,申港证券股份有限公司,
股权销售,东方花旗证券有限公司,1.5-2万/月
党务行政专员,国信证券股份有限公司深圳振华分公司,10-15万/年
理财经理,方正证券股份有限公司深圳分公司,1-2万/月
2019年寒假实习岗（深圳）,中信证券股份有限公司,
私人财富顾问,中国民族证券有限责任公司深圳深南大道证券营业部,1-2万/月
理财顾问,长城证券股份有限公司深圳登良路证券营业部,4.5-6千/月
合规专员,新时代证券股份有限公司深圳深南大道金运世纪证券营业部,4.5-6千/月
运维开发工程师,平安证券股份有限公司,
投资顾问,国信证券深圳福中一路证券营业部,0.8-1万/月
人事专员,华创证券有限责任公司深圳分公司,0.8-1万/月
行政秘书岗,民生证券股份有限公司,6-8千/月
结构融资业务总部-深圳ABS业务团队,兴业证券股份有限公司,1.5-2万/月
财经新闻记者,上海证券报社,0.5-1.5万/月
信息安全岗,第一创业证券股份有限公司,15-30万/年
合规风控负责人（子公司）,华林证券股份有限公司,1.5-2.5万/月
财富管理经理,华林证券深圳龟山路证券营业部,3-6千/月
法律事务岗,华林证券上海南京西路证券营业部,1-2万/月
行政兼出纳（综合岗）,华林证券深圳高新南七道证券营业部,4-6千/月
营销总监,华林证券深圳益田路证券营业部,4.5-6千/月
运行监控工程师,深圳证券交易所营运服务与物业管理有限公司,25-40万/年
客户经理,安信证券股份有限公司深圳下梅林二街证券营业部,0.8-1万/月
风控文员,捷信消费金融有限公司,5-7千/月
高薪期货操盘手非销售无培训,深圳天茂实业控股有限公司,2-2.5万/月
投融资总经理,深圳市绿洲房地产开发有限公司,1.5-3万/月
市场专员,中国金融在线-巨灵财经,1-2万/月
短视频剪辑师,深圳无觅科技有限公司,0.5-1万/月
优才销售主管I平安综合金融全国冠军团队,中国平安人寿保险股份有限公司深圳分公司,2-2.5万/月
财务助理,深圳仁辉信息科技有限公司,5.5-7.5千/月
（全国冠军营业部）平安优才计划,中国平安人寿保险股份有限公司深圳分公司,1-1.5万/月
财税专员,深圳前海澜海商业保理有限公司,0.8-1万/月
催收经理,深圳市小佰科技有限公司,6-8千/月
z福田催收专员保底4400+包住,深圳市中普生电子科技有限公司,0.8-1万/月
急聘资金交易员/周末双休/有无经验均可,深圳市立诚投资咨询有限公司,0.6-1.5万/月
电话客服专员,深圳前海壁虎科技有限公司,5-8千/月
龙岗6K急招销售实习生包吃住,深圳市铭盛居房地产经纪有限公司,0.8-1万/月
诶呦，这个公司不错呦,济南昊舜律所金融后台服务外包有限公司深圳分公司,0.8-1万/月
销售顾问（高薪）,深圳市小小金融服务有限公司,0.8-1.5万/月
法务副总,红岭创投电子商务股份有限公司,2.5-3.9万/月
风险管理负责人（衍生品方向）,金瑞期货股份有限公司,1.5-2万/月
数据工程师（ETL）,广州安正软件股份有限公司,0.8-1.1万/月
银行贷后客服,高柏（中国）企业管理咨询有限公司深圳分公司,0.5-1万/月
跨境电商商城运营,深圳泰中科技有限公司,1-1.5万/月
ABS业务总监,诺华世界（深圳）商业保理有限公司,1-2万/月
高级交互设计师,深圳市赢众通金融信息服务有限责任公司,1.5-3万/月
总公司综合管理部司机岗,前海人寿保险股份有限公司,6-10万/年
融资经理/总监（融资租赁公司）,腾翔(中国)控股集团有限公司,3-4.5万/月
财富管理团队总监,国建新材料产业发展研究院（深圳）有限公司,0.7-3万/月
客户经理（线上产品）,深圳前海金融管理学院有限公司,6-8千/月
SEO专员,深圳盈和信互联网金融服务有限公司,6-8千/月
金融投资顾问,香港康宏金融集团深圳分公司,1-1.5万/月
首席运营官,汇才保险代理（深圳）有限公司,2-3万/月
市场营销专员,柏乐瑞（深圳）教育咨询有限责任公司,0.8-1万/月
人事专员、行政专员,深圳智药信息科技有限公司,0.7-1万/月
均薪8K+电话客服+无责底薪,国金创投资（深圳）有限公司,0.5-1.2万/月
信贷专员/银行合作经理/高提成,深圳市诚誉资产管理有限公司,0.7-1.5万/月
金融同业部华南区实习生,浙商基金管理有限公司上海分公司,1.5千以下/月
保安,深圳市保华护卫保安服务有限公司,6-9千/月
java中高级开发,深圳市吉屋网络技术有限公司,1-1.5万/月
助理评级分析师,国众联,6-8千/月
包饺子高手面点师,深圳市四季尚松贸易有限公司,4.5-6千/月
6000 普工 打包,广东铧泰网络科技有限公司,6-8千/月
大宗期货高级经理（农产品方向）,深圳前海恒兴控股有限公司,20-30万/年
反欺诈审查专员  (MJ000829),团贷网,0.6-1万/月
电话催收专员/客服（综合薪资8K）,深圳市深创联金融服务有限公司,6-8千/月
业务部销售/业务员,深圳市上市公司并购协会,1-3万/月
人力资源专员（招聘培训方向）,深圳云科谷信息服务有限公司,0.8-1.2万/月
会计,深圳市中林融资租赁有限公司,6-8千/月
基金行政专员,深圳德摩和谐投资咨询有限公司,4-6万/年
销售顾问（世界500强正编）,平安普惠投资咨询有限公司深圳新安营业部,1-1.5万/月
事业部总经理,海银财富管理有限公司深圳分公司,2.5-3万/月
金融 业务经理/ 融资租赁客户经理/融资租赁专员,国旺国际融资租赁有限公司,5-9千/月
金融数据分析员（***）,深圳市捷旅会展服务有限公司,0.5-1万/月
招商经理(无责任底薪5K),兆富（深圳）投资咨询有限公司,6-8千/月
风控总监,深圳刷宝科技有限公司,2-3万/月
线上销售,北京嘉善投资有限公司,0.8-1万/月
服装导购合伙人,深圳前海大湘股权投资基金有限公司,40-50万/年
家庭保险规划师102（分配客户）,深圳市金斧子资本管理有限公司,1-2万/月
总经理（化妆品行业）,红十三集团,4-5万/月
5800元月 普工 电子厂,广东君晨网络科技有限公司,4.5-6千/月
优才保险代理人,中国平安人寿保险股份有限公司深圳分公司,0.8-1.2万/月
文案策划,深圳市点金普惠网络科技有限公司,0.6-1万/月
在线客服/客服文员/网络客服/客服专员,深圳市彩游科技有限公司,3-5千/月
高级理财经理,深圳荧兴源资产管理集团有限公司,0.8-1万/月
地产金融顾问,深圳市易融咨询管理服务有限公司,20-30万/年
区域培训督导,深圳前海一点科技有限公司,7-9千/月
DBA SQL Server,晨星资讯（深圳）有限公司,2.5-3万/月
营销经理,深圳市随时付支付有限公司,1-1.5万/月
董事长外联秘书,深圳无界产业园运营管理有限公司,1.2-2万/月
高级信贷专员,华嵘投资咨询（深圳）有限公司,1.5-2万/月
律师助理 实习律师,广东嘉得信律师事务所,3-4.5千/月
信息核查员（中信银行信用卡）,深圳万乘联合投资有限公司,6-8千/月
电话销售/信贷销售,平安普惠投资咨询有限公司深圳深南营业部,0.8-1.2万/月
招聘总监,深圳前海全民通金融资本控股集团有限公司,2-2.5万/月
财务出纳,深圳市美智教育有限公司,6-8千/月
会计助理,深圳前海宏科创业投资有限公司,6-8千/月
IT运维工程师,深圳比亚迪国际融资租赁有限公司,0.8-1万/月
高级培训讲师,深圳市智尚文化科技有限公司,0.9-1.1万/月
集团办公室主任,深圳市中裕冠投资发展有限公司,4-6千/月
风险部负责人,深圳方德信基金有限公司,2-2.5万/月
仓库管理员,深圳前海三九供应链管理有限公司,4.5-6千/月
法务助理,深圳市随手科技有限公司,5-8千/月
广发银行风控专员,深圳市深巨元信用咨询有限公司,4-8千/月
出纳,深圳市汇成洋汽车服务有限公司,4-5千/月
Java高级开发工程师,深圳华云信息系统有限公司,1.5-2万/月
英语翻译,深圳市黎岸投资咨询有限公司,4.5-6千/月
运维工程师,深圳通联金融网络科技服务有限公司,4-6千/月
信用卡专员,中国平安人寿保险股份有限公司深圳分公司,0.8-1万/月
金融投资顾问,中国平安人寿保险股份有限公司深圳分公司,6-8千/月
平台运营岗（可接受实习生）,深圳市银雁金融服务有限公司,5-8千/月
全盘会计,易风融资租赁（深圳）有限公司,6-8千/月
综合经理,海南国际旅游产业融资租赁股份有限公司,6-8千/月
客服代表,深圳赫美智慧科技有限公司,4-8千/月
外账会计（有代理记账经验）,融兆国际控股（深圳）有限公司,6-8千/月
高级理财经理助理,深圳市达旭投资有限公司,0.8-1万/月
商务经理,海南新浪爱问普惠科技有限公司,7-9千/月
主播运营,深圳无界财富管理有限公司,6-8千/月
招商总监,前海汇富同泽融资租赁（深圳）有限公司,1.5-3万/月
销售精英,平安普惠投资咨询有限公司深圳龙岗营业部,0.6-1.5万/月
Java高级开发工程师,深圳通联金融网络科技服务有限公司,1.5-3万/月
行政助理,深圳市正泓融资担保有限公司,3-4.5千/月
市场助理,深圳市顺昌龙商砼服务有限公司,4.5-6千/月
知识产权顾问 底薪+高提成01,深圳市天行信息服务有限公司,0.5-1.5万/月
金融信贷销售,深圳市小小金融服务有限公司,1-1.5万/月
会计主管,传易互联（深圳）有限公司,1.2-1.5万/月
会计,深圳嘉德森投资（集团）有限公司,1-1.5万/月
电话催收专员,深圳市中安信业创业投资有限公司总部,5-8千/月
市场分析主管(J11399),上海铂涌金融信息服务有限公司,1-1.5万/月
社群运营,广东应科院投资有限公司,6-8千/月
商务拓展经理,深圳市前海润杨金融服务有限公司,1.5-2.5万/月
财务经理,深圳市卡酷奇科技有限公司,1-2万/月
锂离子电池研发工程师,深圳市富力电池有限公司,0.8-1万/月
企划经理,深圳华岸春天集团有限公司,0.8-1.5万/月
数据库工程师,深圳市恒源昊信息科技有限公司,1.2-2万/月
财务会计专员,深圳市龙骏家园企业管理咨询有限公司,4-8千/月
招商信诺诚聘高级网电专员,招商信诺人寿保险有限公司,0.8-1.2万/月
微信销售+高提成,深圳市摩天之星企业管理股份有限公司,6-8千/月
给力项目私募基金销售,中弘宇创投资管理（北京）有限公司,1-1.5万/月
客户经理（）,中信银行信用卡中心上海分中心,1-1.5万/月
高级招聘专员,深圳市前海金钥匙控股集团有限公司,5-8千/月
总账会计,深圳前海纳鑫集团有限公司,6-8千/月
市场总监,富峰金融集团有限公司,20-30万/年
急招文员/行政/人事,深圳市易多多信息咨询有限公司,4-6千/月
财经编辑,深圳市慢钱网络科技有限公司,0.6-1.2万/月
融资顾问,深圳银丰达金融服务有限公司,4-5万/月
6千元 坐班普工长白班食品厂品检员QA正式工质检QC,广州瑞万投资管理有限公司,4.5-6千/月
期货高级操盘手/交易员,深圳琥珀资本管理有限公司,1.5-2万/月
催收主管,深圳市力真信息咨询有限公司,0.8-1万/月
会所主厨（赣菜）,深圳赛信业置地投资有限公司,1.2-1.5万/月
投资实习生,上海鸿坤房地产开发有限公司,150元/天
高级理财顾问,恒天财富深圳第七分公司,2-5万/月
会计（日语必须）,深圳市永旺小额贷款有限公司,6-8万/年
电话销售顾问\高提成\周末双休\五险一金\近地铁,深圳丹晴科技有限公司,0.6-1.2万/月
财务出纳,深圳市优点智联科技有限公司,0.6-1万/月
催收专员,深圳市浩森小额贷款股份有限公司,0.5-1万/月
香港上市公司金融销售代表,傲o国际投资咨询（深圳）有限公司,1-1.5万/月
深圳 融资租赁客户经理/项目经理,欧力士融资租赁（中国）有限公司,5-6.5千/月
资深平面设计师,深圳前海中金控股投资有限公司,0.8-1.5万/月
招聘实习助理,太平养老保险股份有限公司深圳分公司,1.5-2千/月
理财团队经理,红上诚诚（上海）商务信息咨询有限公司深圳第一分公司,1.5-2.5万/月
客户经理,易汇资本（中国）融资租赁有限公司,0.8-1万/月
融资总经理（消费金融）,深圳美美网络科技有限公司,3-4万/月
销售主管,深圳市大和锦科技有限公司,0.6-1.1万/月
保险营销员,中国平安人寿保险股份有限公司深圳分公司,0.8-1万/月
项目财务经理,深圳市卡司通展览股份有限公司,1-1.5万/月
业务助理（总监助理）,深圳安仕德资产管理有限公司,4.5-6千/月
风控合规岗,本贸科技股份有限公司,1-2万/月
前台,深圳市财汇电子科技有限公司,4.5-6千/月
国汇：无责底薪5000+提成电销,深圳市中汇投资信息咨询有限公司,1-1.5万/月
益田电话销售/均薪8K/,深圳市智瑞通科技有限公司,4-8千/月
电解铜销售经理,深圳市中瑞控股集团有限公司,1-1.5万/月
车公庙电话销售专员保底5K,深圳市凌宜科技有限公司,6-8千/月
总经理助理,深圳市新狮峰投资有限公司,1.5-2万/月
虚以待位，健身教练逆袭自我,深圳市哌森健身训练有限公司,0.8-1万/月
全盘会计,深圳前海惠德金融信息服务有限公司,0.5-1万/月
期货招商/销售,深圳市三次方投资咨询有限公司,0.5-2万/月
金融贷款业务员,深圳市融商所信息咨询有限公司,1.5-7.5万/月
福田：电话销售/准客户/底薪3630,深圳市凌宜科技有限公司,6-8千/月
销售代表（双休/行业优企/可全职实习）,深圳市中合银融资担保有限公司,0.8-1万/月
物流调度,深圳市三合实业发展有限公司,5-7千/月
三餐包吃六险一金月8K销售代表,广州市卡思投资有限公司,6-8千/月
无责底薪3500月8K电话销售客服,广州融创商务服务有限公司,6-8千/月
贷款销售经理/提供客户资源/做五休二,上海房金所金融信息服务有限公司浦西分公司,1.5-2.5万/月
零基础免费培训外汇交易员,深圳云汇科技研发有限公司,5-8千/月
保险代理人（优才）,中国平安人寿保险股份有限公司深圳分公司,1.5-2万/月
ABS业务承揽（高级经理/总监）,和信（天津）国际商业保理有限公司,30-50万/年
前台文员,深圳潜丰投资控股集团有限公司,3-4.5千/月
电销团队长,深圳市骏金盛世信息咨询有限公司,3-4.5千/月
总经理执行秘书,深圳市韦普柯科技有限公司,1-1.5万/月
合伙人（综合年薪30万以上）,深圳纵横集团有限公司,3-15万/月
Java高级开发工程师,恒创控股集团有限公司,1.5-2万/月
专注金融类猎头顾问,深圳市金翰信息科技有限公司,1-1.5万/月
交易员/操盘手（有无经验均可）,深圳市中创荣投资有限公司,0.8-1万/月
终端销售,深圳市微碧半导体有限公司,0.8-1万/月
金融产品销售（无责任底薪4-6K),深圳市弘熙实业有限公司,1-1.5万/月
行政司机,百德国际有限公司,6-8千/月
会计全盘账,深圳市柚橙科技有限公司,5.5-6.5千/月
POS机合伙人+看清楚在投,深圳市汇鑫通联科技有限公司,2.5-3万/月
交易员/操盘手,上海邑通投资咨询有限公司,0.6-2万/月
综合行政主管,深圳市博衍管理咨询有限责任公司,0.8-1万/月
基金经理,深圳市前海旭日基金管理有限公司,1.5-5万/月
金融产品销售（高佣金+双休）,深圳市达旭投资有限公司,6-8千/月
出纳,铭广控股(深圳)有限公司,4-6千/月
高级项目经理,大华会计师事务所（特殊普通合伙）深圳分所,2-2.5万/月
高级数据库管理员,即有集团,1.2-2万/月
财务经理,深圳盛源通股权投资基金管理有限公司,5-7千/月
出纳/五险一金/双休/地王大厦/下午茶,深圳一点盐光科技有限公司,4-6千/月
幼教代理商渠道经理,深圳市聚隆达基金管理有限公司,15-20万/年
IT系统工程师,深圳市泰铼科技有限公司,1.5-2.5万/月
